lt,en,ru,category,partOfSpeech
ačiū,thanks,спасибо,communication,interjection
agurkas,cucumber,огурец,food,noun
aikštė,square,площадь,city,noun
akiniai,glasses,очки,everyday,noun
akis,eye,глаз,body,noun
alga,salary,зарплата,work,noun
alus,beer,пиво,food,noun
amžius,age,возраст,body,noun
anksti,early,рано,time,adverb
ant,on,на,preposition,preposition
antradienis,Tuesday,вторник,time,noun
anūkas,grandson,внук,family,noun
anūkė,granddaughter,внучка,family,noun
apie,about,"о, про",preposition,preposition
apsirengti,to dress,одеваться,clothes,verb
ar,question word,ли,communication,particle
arba,or,или,communication,conjunction
arbata,tea,чай,food,noun
arti,near,близко,location,adverb
aš,I,я,communication,pronoun
ateiti,to come,приходить,movement,verb
atidarymas,opening,открытие,event,noun
atidaryti,to open,открывать,event,verb
atlyginimas,salary,зарплата,work,noun
atostogauti,to have vacation,быть в отпуске,event,verb
atostogos,vacation,отпуск,event,noun
atrodyti,to look like,выглядеть,appearance,verb
atsakymas,answer,ответ,communication,noun
atsiprašau,sorry,извините,communication,interjection
atsitikti,to happen,случаться,event,verb
atvažiuoti,to come (by transport),приезжать,movement,verb
atvirukas,postcard,открытка,communication,noun
atvykti,to arrive,прибывать,movement,verb
aukštas,floor,этаж,city,noun
"aukštas, -a",high,высокий,appearance,adjective
aukštis,height,высота,appearance,noun
ausis,ear,ухо,body,noun
avalynė,footwear,обувь,clothes,noun
avėti,to wear (shoes),носить (обувь),clothes,verb
baidarė,canoe,байдарка,transport,noun
baigiamasis,final,финальный,event,adjective
baigtis,to finish,заканчиваться,event,verb
balandėliai,cabbage rolls,голубцы,food,noun
balandis,April,апрель,time,noun
baldai,furniture,мебель,home,noun
"baltas, balta",white,белый,color,adjective
bandelė,roll,булочка,food,noun
basutės,sandals,сандалии,clothes,noun
batai,boots,ботинки,clothes,noun
bateliai,shoes,туфли,clothes,noun
bauda,fine,штраф,law,noun
bažnyčia,church,церковь,religion,noun
be,without,без,preposition,preposition
bėgioti,to jog,бегать,sport,verb
bėgti,to run,бежать,sport,verb
bendrabutis,dormitory,общежитие,home,noun
berniukas,boy,мальчик,family,noun
bet,but,но,conjunction,conjunction
beveik,almost,почти,adverb,adverb
birželis,June,июнь,time,noun
biuras,office,офис,work,noun
blynas,pancake,блин,food,noun
blynelis,pancake,блинчик,food,noun
blogai,badly,плохо,adverb,adverb
"blogas, bloga",bad,плохой,"adjective
",adjective
bokštas,tower,башня,city,noun
"brangus, brangi",expensive,дорогой,adjective,adjective
braškė,strawberry,клубника,food,noun
brolis,brother,брат,family,noun
bulvė,potato,картофель,food,noun
burokėlis,beetroot,свёкла,food,noun
burti,to tell fortunes,гадать,event,verb
butas,apartment,квартира,home,noun
būti,to be,быть,verb,verb
būtinai,definitely,обязательно,adverb,adverb
cepelinas,dumpling,цепелин,food,noun
citrina,lemon,лимон,food,noun
cukrus,sugar,сахар,food,noun
česnakas,garlic,чеснок,food,noun
čia,here,здесь,location,adverb
čiuožinėti,to skate,кататься на коньках,sport,verb
dabar,now,сейчас,time,adverb
daiktas,thing,вещь,everyday,noun
dailė,fine arts,изобразительное искусство,art,noun
dailininkas,artist,художник,art,noun
daina,song,песня,art,noun
dainininkas,singer,певец,art,noun
dainuoti,to sing,петь,art,verb
dalis,part,часть,everyday,noun
dalyvauti,to participate,участвовать,event,verb
dantis,tooth,зуб,body,noun
dar,more,ещё,adverb,adverb
darbovietė,workplace,место работы,work,noun
darbštus,diligent,прилежный,adjective,adjective
darbuotojas,employee,работник,work,noun
daryti,to make,делать,verb,verb
daržovė,vegetable,овощ,food,noun
daug,many,много,adverb,adverb
dažyti,to paint,красить,art,verb
dažnai,often,часто,adverb,adverb
dažniausiai,most often,чаще всего,adverb,adverb
debesuotas,cloudy,облачный,weather,adjective
dėdė,uncle,дядя,family,noun
degtinė,vodka,водка,food,noun
dėstytojas,lecturer,преподаватель,education,noun
dešinė,right,право,location,noun
dešinėje,on the right,справа,location,adverb
dešra,sausage,колбаса,food,noun
dešrelė,small sausage,сосиска,food,noun
dėti,to put,класть,verb,verb
dėvėti,to wear,носить,clothes,verb
didelis,big,большой,adjective,adjective
dydis,size,размер,clothes,noun
diena,day,день,time,noun
dirbti,to work,работать,work,verb
diskutuoti,to discuss,обсуждать,communication,verb
dovana,gift,подарок,event,noun
dovanoti,to give a present,дарить,event,verb
drabužiai,clothes,одежда,clothes,noun
draugas,friend,друг,family,noun
draugiškas,friendly,дружелюбный,adjective,adjective
dribsniai,cornflakes,хлопья,food,noun
druska,salt,соль,food,noun
dujos,gas,газ,home,noun
dukra,daughter,дочь,family,noun
duktė,daughter,дочь,family,noun
dukterėčia,niece,племянница,family,noun
duona,bread,хлеб,food,noun
duoti,to give,давать,verb,verb
durys,door,дверь,home,noun
dušas,shower,душ,home,noun
dviratis,bicycle,велосипед,transport,noun
džiaugsmas,joy,радость,emotion,noun
džiovintas,dried,сушёный,food,adjective
eglė,Christmas tree,ель,event,noun
eilė,row,ряд,location,noun
ežeras,lake,озеро,nature,noun
fotelis,armchair,кресло,home,noun
gaila,it is a pity,жаль,emotion,phrase
gal,maybe,может быть,adverb,adverb
galėti,can,мочь,verb,verb
galva,head,голова,body,noun
gatvė,street,улица,city,noun
gauti,to receive,получать,verb,verb
gegužė,May,май,time,noun
gėlė,flower,цветок,nature,noun
"geltonas, geltona",yellow,жёлтый,color,adjective
gerai,well,хорошо,adverb,adverb
"geras, gera",good,хороший,adjective,adjective
gerbiamas,honorable,уважаемый,adjective,adjective
gėrimas,drink,напиток,food,noun
gerklė,throat,горло,body,noun
gerti,to drink,пить,food,verb
giminė,gender,род,family,noun
giminės,relatives,родственники,family,noun
gimtadienis,birthday,день рождения,event,noun
gimti,to be born,рождаться,family,verb
gintaras,amber,янтарь,nature,noun
gira,kvass,квас,food,noun
gyventi,to live,жить,verb,verb
grąža,change,сдача,money,noun
grąžinti,to return,возвращать,verb,verb
"gražus, graži",beautiful,красивый,adjective,adjective
greitai,fast,быстро,adverb,adverb
"greitas, greita",fast,быстрый,adjective,adjective
grybas,mushroom,гриб,food,noun
grybauti,to mushroom,собирать грибы,food,verb
grietinė,sour cream,сметана,food,noun
grįžti,to return,возвращаться,verb,verb
gruodis,December,декабрь,time,noun
gulėti,to lie,лежать,verb,verb
į,to,в,preposition,preposition
įbrolis,stepbrother,сводный брат,family,noun
įdomus,interesting,интересный,adjective,adjective
įjungti,to switch on,включать,verb,verb
iki,until,до,preposition,preposition
ilgas,long,длинный,adjective,adjective
imbieras,ginger,имбирь,food,noun
įmonė,company,компания,work,noun
ir,and,и,conjunction,conjunction
įseserė,stepsister,сводная сестра,family,noun
išeiti,to leave,уходить,movement,verb
išjungti,to switch off,выключать,verb,verb
išleisti,to let go,выпускать,verb,verb
išrašyti,to prescribe,выписывать,health,verb
išsilavinimas,education,образование,education,noun
išsimiegoti,to sleep off,выспаться,health,verb
išsinešti,to take away,забирать с собой,movement,verb
išsinuomoti,to rent,арендовать,work,verb
išsiskyręs,divorced,разведённый,family,adjective
išsiųsti,to send,отправлять,communication,verb
išspausdinti,to print,печать,education,verb
ištekėjusi,married (woman),замужняя,family,adjective
išvykti,to depart,отправляться,movement,verb
įvairus,various,разный,adjective,adjective
jau,already,уже,adverb,adverb
jaukus,cosy,уютный,adjective,adjective
jaunas,young,молодой,adjective,adjective
jaunimas,youth,молодёжь,family,noun
jaustis,to feel,чувствовать себя,emotion,verb
jautiena,beef,говядина,food,noun
ji,she,она,pronoun,pronoun
jie,they (masc.),они (муж.),pronoun,pronoun
jis,he,он,pronoun,pronoun
jo,his,его,pronoun,pronoun
Joninės,St John's Day,Иван Купала,event,noun
jos,her,её,pronoun,pronoun
juodas,black,чёрный,color,adjective
jūra,sea,море,nature,noun
jūs,you (formal),вы,pronoun,pronoun
jūsų,your (formal),ваш,pronoun,pronoun
kabinetas,office,кабинет,work,noun
kad,that,что,conjunction,conjunction
kada,when,когда,question,adverb
kaimas,village,деревня,city,noun
kaimynas,neighbour,сосед,family,noun
kaina,price,цена,money,noun
kainuoti,to cost,стоить,money,verb
kaip,how,как,question,adverb
kairė,left,лево,location,noun
kairėje,on the left,слева,location,adverb
kalbėti,to speak,говорить,communication,verb
kalendorinis,calendar,календарный,time,adjective
kalėdaitis,Christmas wafer,рождественская вафля,food,noun
Kalėdos,Christmas,Рождество,event,noun
kalnas,mountain,гора,nature,noun
kambarys,room,комната,home,noun
kapinės,cemetery,кладбище,city,noun
karštas,hot,горячий,adjective,adjective
kartais,sometimes,иногда,adverb,adverb
kartas,time,раз,time,noun
kartu,together,вместе,adverb,adverb
kasa,cash desk,касса,money,noun
kasdien,everyday,ежедневно,time,adverb
katė,cat,кошка,nature,noun
katedra,cathedrale,собор,religion,noun
kava,coffee,кофе,food,noun
kaukė,mask,маска,clothes,noun
kavinė,café,кафе,food,noun
kėdė,chair,стул,home,noun
kelias,way,дорога,movement,noun
keliauti,to travel,путешествовать,movement,verb
kelintas,which,который,question,adjective
kelionė,trip,поездка,movement,noun
kelnės,trousers,брюки,clothes,noun
keltas,ferry,паром,transport,noun
keptas,fried,жареный,food,adjective
kepti,to fry,жарить,food,verb
kepurė,cap,шапка,clothes,noun
ketvirtadienis,Thursday,четверг,time,noun
kiauliena,pork,свинина,food,noun
kiaušinis,egg,яйцо,food,noun
kiek,how much,сколько,question,adverb
kiekvienas,each,каждый,pronoun,pronoun
kiemas,yard,двор,home,noun
kilimas,carpet,ковёр,home,noun
kioskininkas,shop assistant,продавец киоска,work,noun
kirpykla,hairdresser’s,парикмахерская,work,noun
kisielius,kissel,кисель,food,noun
klausimas,question,вопрос,education,noun
klausyti,to listen,слушать,education,verb
klausti,to ask,спрашивать,education,verb
knyga,book,книга,education,noun
kodėl,why,почему,question,adverb
koja,leg,нога,body,noun
kojinės,socks,носки,clothes,noun
kokia,what (fem.),какая,question,adjective
koks,what (masc.),какой,question,adjective
koldūnai,dumplings,пельмени,food,noun
kopūstas,cabbage,капуста,food,noun
koridorius,corridor,коридор,home,noun
kosėti,to cough,кашлять,health,verb
kovas,March,март,time,noun
kraujas,blood,кровь,body,noun
krikštynos,christening,крещение,event,noun
kryžius,cross,крест,religion,noun
Kūčios,Christmas Eve,Сочельник,event,noun
kūčiukai,Christmas cookies,рождественское печенье,food,noun
kumpis,ham,ветчина,food,noun
kūnas,body,тело,body,noun
kuprinė,backbag,рюкзак,clothes,noun
kur,where,где,question,adverb
kursas,year at university,курс,education,noun
kurti,to make fire,разжигать,home,verb
kvailas,fool,глупый,adjective,adjective
kviesti,to invite,приглашать,communication,verb
kvitas,receipt,квитанция,money,noun
labai,very,очень,adverb,adverb
labas,hello,привет,communication,interjection
labiau,more,больше,adverb,adverb
labiausiai,most of all,больше всего,adverb,adverb
laikrodis,watch,часы,time,noun
laimė,happiness,счастье,emotion,noun
laimingas,happy,счастливый,emotion,adjective
laipsnis,degree,градус,education,noun
laisvalaikis,leisure,досуг,time,noun
laiškas,letter,письмо,communication,noun
laivas,ship,корабль,transport,noun
langas,window,окно,home,noun
lapkritis,November,ноябрь,time,noun
lašai,drops,капли,health,noun
lašiša,salmon,лосось,food,noun
laukti,to wait,ждать,verb,verb
lauktuvės,gifts from a trip,сувениры,event,noun
laužas,fire,костёр,nature,noun
laužti,to break,ломать,verb,verb
ledai,ice-cream,мороженое,food,noun
lentyna,shelf,полка,home,noun
lėkštė,plate,тарелка,food,noun
lėtai,slowly,медленно,adverb,adverb
lėtas,slow,медленный,adjective,adjective
lieknas,slim,стройный,adjective,adjective
liepa,July,июль,time,noun
lietus,rain,дождь,weather,noun
lietuvis,Lithuanian (man),литовец,people,noun
lietuviškas,Lithuanian (adj.),литовский,adjective,adjective
liga,disease,болезнь,health,noun
ligoninė,hospital,больница,health,noun
linas,linen,лён,clothes,noun
lininis,linen (adj.),льняной,adjective,adjective
linkėti,to wish,желать,emotion,verb
linksmas,joyful,весёлый,emotion,adjective
lipti,to get on/off,садиться/выходить,movement,verb
lyti,to rain,идти (о дожде),weather,verb
lytis,sex,пол,body,noun
liūdnas,sad,грустный,emotion,adjective
lova,bed,кровать,home,noun
madingas,fashionable,модный,adjective,adjective
maistas,food,еда,food,noun
malonus,pleasant,приятный,emotion,adjective
mama,mom,мама,family,noun
mamytė,mommy,мамочка,family,noun
mandagus,polite,вежливый,adjective,adjective
mano,my,мой,pronoun,pronoun
margutis,Easter egg,пасхальное яйцо,event,noun
marškinėliai,T-shirt,футболка,clothes,noun
marškiniai,shirt,рубашка,clothes,noun
mažai,few,мало,adverb,adverb
mažas,small,маленький,adjective,adjective
medis,tree,дерево,nature,noun
medus,honey,мёд,food,noun
medvilnė,cotton,хлопок,clothes,noun
medvilninis,cotton (adj.),хлопковый,adjective,adjective
mėgti,to like,любить,emotion,verb
megztinis,sweater,свитер,clothes,noun
meilė,love,любовь,emotion,noun
meistras,master,мастер,work,noun
mėlynas,blue,синий,color,adjective
melstis,to pray,молиться,religion,verb
mėnesinis,monthly,ежемесячный,time,adjective
mėnuo,month,месяц,time,noun
mergaitė,girl,девочка,family,noun
mergina,young lady,девушка,family,noun
mes,we,мы,pronoun,pronoun
mėsa,meat,мясо,food,noun
metai,year,год,time,noun
midus,mead,медовуха,food,noun
miegamasis,bedroom,спальня,home,noun
miegas,sleep,сон,health,noun
miegoti,to sleep,спать,health,verb
mielas,lovely,милый,emotion,adjective
miestas,city,город,city,noun
mylėti,to love,любить,emotion,verb
mylimas,beloved,любимый,emotion,adjective
mineralinis,mineral (adj.),минеральный,food,adjective
minutė,minute,минута,time,noun
miręs,dead,умерший,health,adjective
mirti,to die,умирать,health,verb
mįslė,riddle,загадка,education,noun
mišios,mass,месса,religion,noun
močiutė,grandmother,бабушка,family,noun
mokesčiai,taxes,налоги,money,noun
mokėti,to know how,уметь,education,verb
mokėti,to pay,платить,money,verb
mokykla,school,школа,education,noun
mokytis,to study,учиться,education,verb
mokytojas,teacher,учитель,education,noun
mokslas,science,наука,education,noun
morka,carrot,морковь,food,noun
moteris,woman,женщина,family,noun
motina,mother,мать,family,noun
mūsų,our,наш,pronoun,pronoun
nacionalinis,national,национальный,adjective,adjective
naktis,night,ночь,time,noun
nakvynė,overnight stay,ночёвка,event,noun
namai,home,дом,home,noun
namas,house,дом,home,noun
namo,home,домой,home,adverb
narys,member,член,group,noun
našlys,widower,вдовец,family,noun
natūralus,natural,натуральный,adjective,adjective
naujas,new,новый,adjective,adjective
ne,no,нет,negation,adverb
nebūti,not to be,не быть,negation,verb
nemažai,some,немного,adverb,adverb
nes,because,потому что,conjunction,conjunction
nešvarus,dirty,грязный,adjective,adjective
netikras,false,ложный,adjective,adjective
netvarkingas,untidy,неопрятный,adjective,adjective
neveikia,out of order,не работает,adjective,adjective
niekada,never,никогда,adverb,adverb
niekas,nobody,никто,pronoun,pronoun
norėti,to want,хотеть,emotion,verb
nosis,nose,нос,body,noun
nueiti,to get somewhere on foot,дойти пешком,movement,verb
nugara,back,спина,body,noun
numeris,number,номер,math,noun
nuo,from,от,preposition,preposition
nuobodus,boring,скучный,adjective,adjective
nuolaida,discount,скидка,money,noun
nuoma,rent,аренда,money,noun
nuomoti,to rent,арендовать,money,verb
nuoširdus,sincere,искренний,adjective,adjective
nuoširdžiai,"s
incerely",искренне,adverb,adverb
nuotaika,mood,настроение,emotion,noun
nusipirkti,to buy,купить,money,verb
nusirengti,to undress,раздеваться,clothes,verb
nuvažiuoti,to get somewhere by vehicle,доехать,movement,verb
o,and,а,conjunction,conjunction
obuolys,apple,яблоко,food,noun
oda,leather,кожа,clothes,noun
odinis,leathern,кожаный,adjective,adjective
oranžinis,orange (adj.),оранжевый,color,adjective
oras,weather,погода,weather,noun
padaryti,to make,делать,verb,verb
padavėjas,waiter,официант,work,noun
padėti,to help,помогать,work,verb
pagal,according to,согласно,preposition,preposition
pakartoti,to repeat,повторять,education,verb
pakeisti,to replace,заменять,verb,verb
paklausti,to ask a question,спросить,communication,verb
palaidinė,blouse,блузка,clothes,noun
palaukti,to wait a little bit,подождать,verb,verb
paltas,coat,пальто,clothes,noun
paminklas,monument,памятник,city,noun
pamoka,lesson,урок,education,noun
pamotė,stepmother,мачеха,family,noun
panašus,alike,похожий,adjective,adjective
papildyti,to refill,пополнять,money,verb
paplūdimys,beach,пляж,nature,noun
paprastai,usually,обычно,adverb,adverb
paprika,sweet pepper,перец,food,noun
papuošalas,decoration,украшение,clothes,noun
papuošti,to decorate,украшать,clothes,verb
paragauti,to taste,пробовать,food,verb
paraidžiui,literally,дословно,adverb,adverb
parašas,signature,подпись,work,noun
parašyti,to write,писать,education,verb
pardavėjas,salesman,продавец,work,noun
parduotuvė,shop,магазин,work,noun
pareigos,position,должность,work,noun
parodyti,to show,показывать,communication,verb
parteris,stall,партер,art,noun
pas,to,к,preposition,preposition
pasakyti,to say,сказать,communication,verb
pasibaigti,to finish,заканчиваться,event,verb
pasiimti,to take,взять,verb,verb
pasimatuoti,to try for size,примерять,clothes,verb
pasirašyti,to sign,подписывать,work,verb
pasiskiepyti,to have a vaccination,прививаться,health,verb
paskaita,lecture,лекция,education,noun
paskambinti,to make a call,позвонить,communication,verb
pasukti,to turn,повернуть,movement,verb
paštas,post office,почта,communication,noun
patalynė,bedclothes,постельное бельё,home,noun
patėvis,stepfather,отчим,family,noun
patiekalas,dish,блюдо,food,noun
patikti,to like,нравиться,emotion,verb
patirtis,experience,опыт,education,noun
patogus,comfortable,удобный,adjective,adjective
pavadinimas,name,название,everyday,noun
pavardė,surname,фамилия,family,noun
pavargęs,tired,уставший,emotion,adjective
pavasaris,spring,весна,time,noun
paveikslas,picture,картина,art,noun
pavyzdys,example,пример,education,noun
pažymys,mark,оценка,education,noun
pėdkelnės,tights,колготки,clothes,noun
penktadienis,Friday,пятница,time,noun
pensininkas,retiree,пенсионер,family,noun
per,during,во время,preposition,preposition
perduoti,to inform,сообщать,communication,verb
perkūnija,thunderstorm,гроза,weather,noun
peršalti,to catch a cold,простудиться,health,verb
pertrauka,break,перерыв,event,noun
pėsčiomis,on foot,пешком,movement,adverb
pienas,milk,молоко,food,noun
pieninis,milky,молочный,food,adjective
pieštukas,pencil,карандаш,education,noun
pietūs,lunch,обед,food,noun
pigus,cheap,дешёвый,adjective,adjective
piktas,angry,злой,emotion,adjective
pildyti,to fill,заполнять,verb,verb
pilietybė,citizenship,гражданство,law,noun
pilis,castle,замок,city,noun
pilkas,grey,серый,color,adjective
pilvas,belly,живот,body,noun
pilti,to pour,наливать,verb,verb
pinigai,money,деньги,money,noun
piniginė,wallet,кошелёк,money,noun
pinti,to wreath,плести,verb,verb
pipiras,pepper,перец,food,noun
pyragas,pie,пирог,food,noun
pirkti,to buy,покупать,money,verb
pirmadienis,Monday,понедельник,time,noun
pirštinės,gloves,перчатки,clothes,noun
plaukioti,to go swimming,плавать,sport,verb
plaukti,to swim,плыть,sport,verb
plonas,thin,тонкий,adjective,adjective
po,after,после,preposition,preposition
pokalbis,conversation,разговор,communication,noun
pomidoras,tomato,помидор,food,noun
ponas,mister,господин,communication,noun
ponia,missis,госпожа,communication,noun
populiarus,popular,популярный,adjective,adjective
prasidėti,to begin,начинаться,event,verb
prašom,please,пожалуйста,communication,interjection
pratimas,exercise,упражнение,sport,noun
prie,by,у,preposition,preposition
priedai,appendixes,приложения,education,noun
prieš,before,до,preposition,preposition
proga,occasion,случай,event,noun
protingas,smart,умный,adjective,adjective
puodelis,cup,чашка,food,noun
purškalas,spray,спрей,health,noun
pusbrolis,cousin (masc.),двоюродный брат,family,noun
puslapis,page,страница,education,noun
pusseserė,cousin (fem.),двоюродная сестра,family,noun
ragauti,to taste,пробовать,food,verb
ragavimas,tasting,дегустация,food,noun
raidė,letter,буква,education,noun
raktas,key,ключ,home,noun
ramus,calm,спокойный,emotion,adjective
ranka,hand,рука,body,noun
rankinė,bag,сумка,clothes,noun
rankinukas,handbag,дамская сумочка,clothes,noun
rankšluostis,towel,полотенце,home,noun
rašyti,to write,писать,education,verb
raštu,written,письменно,education,adverb
raudonas,red,красный,color,adjective
rausvas,pink,розовый,color,adjective
receptas,prescription,рецепт,health,noun
referatas,paper,реферат,education,noun
reikėti,to need,нужно,verb,verb
reikšti,to mean,означать,verb,verb
retai,rarely,редко,adverb,adverb
rezervuotas,reserved,зарезервированный,adjective,adjective
ridenti,to roll,катить,verb,verb
riestainis,bagel,бублик,food,noun
rytai,East,Восток,location,noun
rytas,morning,утро,time,noun
rytoj,tomorrow,завтра,time,adverb
ryžiai,rice,рис,food,noun
rudas,brown,коричневый,color,adjective
ruduo,autumn,осень,time,noun
rūgpienis,soured milk,простокваша,food,noun
rugpjūtis,August,август,time,noun
rugsėjis,September,сентябрь,time,noun
rūkytas,smoked,копчёный,food,adjective
sala,island,остров,nature,noun
saldainis,sweet,конфета,food,noun
saldus,sweet,сладкий,adjective,adjective
salė,hall,зал,city,noun
salotos,salad,салат,food,noun
sąskaita,bill,счёт,money,noun
saulė,sun,солнце,nature,noun
saulėtas,sunny,солнечный,weather,adjective
sausainis,cookie,печенье,food,noun
sausas,dry,сухой,adjective,adjective
sausis,January,январь,time,noun
savaitė,week,неделя,time,noun
savaitgalis,weekend,выходные,time,noun
sėdėti,to sit,сидеть,verb,verb
sekmadienis,Sunday,воскресенье,time,noun
sėkmė,luck,удача,emotion,noun
sektis,to go well,удаваться,verb,verb
senas,old,старый,adjective,adjective
senelė,grandmother,бабушка,family,noun
seneliai,grandparents,бабушка и дедушка,family,noun
senelis,grandfather,дедушка,family,noun
sesė,sister,сестра,family,noun
sėstis,to sit down,садиться,verb,verb
sesuo,sister,сестра,family,noun
siena,wall,стена,home,noun
sijonas,skirt,юбка,clothes,noun
silkė,herring,сельдь,food,noun
silpnas,weak,слабый,adjective,adjective
sirgti,to be ill,болеть,health,verb
siūlyti,to offer,предлагать,communication,verb
siųsti,to send,посылать,communication,verb
skaityti,to read,читать,education,verb
skambinti,to call,звонить,communication,verb
skanus,tasty,вкусный,adjective,adjective
skaudėti,to have pain,болеть (о части тела),health,verb
skelbimas,advertisement,объявление,communication,noun
skėtis,umbrella,зонт,clothes,noun
skrandis,stomach,желудок,body,noun
skristi,to fly,лететь,movement,verb
skubėti,to hurry,спешить,"verb
",verb
skųstis,to complain,жаловаться,emotion,verb
slaugytojas,nurse,медбрат,health,noun
slidinėti,to go skiing,кататься на лыжах,sport,verb
slyva,plum,слива,food,noun
sloga,common cold,насморк,health,noun
sniegas,snow,снег,weather,noun
snigti,to snow,идти (о снеге),weather,verb
sodas,garden,сад,nature,noun
sodyba,homestead,усадьба,home,noun
sostinė,capital,столица,city,noun
spalis,October,октябрь,time,noun
spalva,colour,цвет,color,noun
spanguolės,cranberries,клюква,food,noun
spektaklis,performance,спектакль,art,noun
spinta,wardrobe,шкаф,home,noun
spintelė,cupboard,тумбочка,home,noun
sportbačiai,sneakers,кроссовки,clothes,noun
sportuoti,to go in for sports,заниматься спортом,sport,verb
sriuba,soup,суп,food,noun
stalas,table,стол,home,noun
staliukas,coffee table,журнальный столик,home,noun
stambus,big,крупный,adjective,adjective
stebuklingas,magic,волшебный,adjective,adjective
stiprus,strong,сильный,"ad
jective",adjective
storas,thick,толстый,adjective,adjective
stotelė,stop,остановка,transport,noun
stotis,station,станция,transport,noun
striukė,jacket,куртка,clothes,noun
studijos,studies,учёба,education,noun
studijuoti,to study,учиться,education,verb
su,with,с,preposition,preposition
sudie,goodbye,до свидания,communication,interjection
suknelė,dress,платье,clothes,noun
sultys,juice,сок,food,noun
sumalti,to grind,молоть,food,verb
sumuštinis,sandwich,бутерброд,food,noun
sūnėnas,nephew,племянник,family,noun
sūnus,son,сын,family,noun
suprasti,to understand,понимать,education,verb
sūris,cheese,сыр,food,noun
susidaužti,to clink,чокаться,event,verb
susilaužyti,to break,сломать,health,verb
susipažinti,to meet,познакомиться,communication,verb
susitikti,to meet,встречаться,communication,verb
susituokti,to marry,жениться,family,verb
sustoti,to stop,остановиться,movement,verb
sutartis,contract,договор,work,noun
svarbus,important,важный,adjective,adjective
svečias,guest,гость,event,noun
sveikas,healthy,здоровый,health,adjective
sveikata,health,здоровье,health,noun
sveikinti,to congratulate,поздравлять,communication,verb
sveikti,to get better,выздоравливать,health,verb
svetainė,living-room,гостиная,home,noun
sviestas,butter,масло,food,noun
svogūnas,onion,лук,food,noun
šakotis,tree cake,шакотис,food,noun
šaldytuvas,refrigerator,холодильник,home,noun
šalikas,scarf,шарф,clothes,noun
šalis,country,страна,city,noun
šaltas,cold,холодный,adjective,adjective
šaltibarščiai,cold beet soup,холодный борщ,food,noun
šaltis,cold (n.),холод,weather,noun
šaukštas,spoon,ложка,food,noun
šaukštelis,teaspoon,чайная ложка,food,noun
šeima,family,семья,family,noun
šeštadienis,Saturday,суббота,time,noun
šiandien,today,сегодня,time,adverb
šiaurė,North,Север,location,noun
šilkas,silk,шёлк,clothes,noun
šilkinis,silk (adj.),шёлковый,adjective,adjective
šiltas,warm,тёплый,adjective,adjective
šiluma,warmth,тепло,weather,noun
šimtas,hundred,сто,math,noun
širdis,heart,сердце,body,noun
šitas,this,этот,pronoun,pronoun
šlapdriba,sleet,мокрый снег,weather,noun
šokoladinis,chocolate (adj.),шоколадный,adjective,adjective
šokti,to dance,танцевать,"
art",verb
šortai,shorts,шорты,clothes,noun
štai,here it is,вот,communication,phrase
šuo,dog,собака,nature,noun
švarkas,jacket,пиджак,clothes,noun
švarkelis,jacket (for ladies),жакет,clothes,noun
švarus,clean,чистый,adjective,adjective
šventas,saint,святой,religion,adjective
šventė,festival,праздник,event,noun
švęsti,to celebrate,праздновать,event,verb
šviesiai,light,светло,adverb,adverb
šviesus,light (adj.),светлый,adjective,adjective
šviežias,fresh,свежий,adjective,adjective
tai,"this, that, it","это, то",pronoun,pronoun
taip,yes,да,adverb,adverb
tamsiai,dark,тёмно,adverb,adverb
tamsus,dark (adj.),тёмный,adjective,adjective
tarimas,pronunciation,произношение,education,noun
tarp,between,между,preposition,preposition
tarptautinis,international,международный,adjective,adjective
tavo,your (informal),твой,pronoun,pronoun
teisė,law,право,law,noun
teisininkas,lawyer,юрист,law,noun
ten,there,там,adverb,adverb
teta,aunt,тётя,family,noun
tėtė,daddy,папа,family,noun
tėtis,daddy,папа,family,noun
tėvai,parents,родители,family,noun
tėvas,father,отец,family,noun
tiesiai,straight,прямо,adverb,adverb
tik,only,только,adverb,adverb
tikti,to fit,подходить,verb,verb
tiltas,bridge,мост,city,noun
tylus,silent,тихий,adjective,adjective
tinginys,lazy fellow,ленивец,emotion,noun
tingus,lazy,ленивый,adjective,adjective
tyrimai,testing,анализы,health,noun
toli,far,далеко,adverb,adverb
traukinys,train,поезд,transport,noun
trečiadienis,Wednesday,среда,time,noun
trispalvė,tricolour,триколор,event,noun
triukšmingas,noisy,шумный,adjective,adjective
trumpas,short,короткий,adjective,adjective
truputį,a little bit,немного,adverb,adverb
tu,you (informal),ты,pronoun,pronoun
tuojau,one moment,одну минуту,adverb,adverb
turėti,to have,иметь,verb,verb
turgus,market,рынок,city,noun
tuščias,empty,пустой,adjective,adjective
tušinukas,pen,ручка,education,noun
tvarkaraštis,schedule,расписание,education,noun
tvarkingas,tidy,аккуратный,adjective,adjective
tvarkyti,to do (the room),убирать,home,verb
undinėlė,mermaid,русалка,myth,noun
uoga,berry,ягода,food,noun
uogauti,to pick berries,собирать ягоды,food,verb
uogienė,jam,варенье,food,noun
upė,river,река,nature,noun
už,for,за,preposition,preposition
uždaryti,to close,закрывать,verb,verb
uždarymas,closing,закрытие,event,noun
uždegimas,inflammation,воспаление,health,noun
uždegti,to light,зажигать,verb,verb
užduotis,task,задание,education,noun
užeiti,to look in,зайти,movement,verb
Užgavėnės,Mardi Grass,Масленица,event,noun
užpildyti,to fill,заполнять,verb,verb
"užrašyti
",to write down,записать,education,verb
užsakytas,reserved,забронированный,adjective,adjective
užsiėmęs,busy,занятой,adjective,adjective
užsiregistruoti,to register,регистрироваться,work,verb
ūkininkas,farmer,фермер,work,noun
vadyba,management,менеджмент,work,noun
vadybininkas,manager,менеджер,work,noun
vaikas,child,ребёнок,family,noun
vaikinas,young man,юноша,family,noun
vainikas,wreath,венок,event,noun
vairuotojas,driver,водитель,transport,noun
vaisiai,fruit,фрукты,food,noun
vaisinis,fruity,фруктовый,adjective,adjective
vaistai,medications,лекарства,health,noun
vaistažolės,herbs,лекарственные травы,health,noun
vaistinė,pharmacy,аптека,health,noun
vaistininkas,pharmacist,фармацевт,health,noun
vakarai,West,Запад,location,noun
vakaras,evening,вечер,time,noun
vakarėlis,party,вечеринка,event,noun
vakarienė,dinner,ужин,food,noun
valanda,hour,час,time,noun
valgiaraštis,menu,меню,food,noun
valgykla,canteen,столовая,food,noun
valgis,meal,еда,food,noun
valgyti,to eat,есть,food,verb
valio,hurrah,ура,emotion,interjection
valstybinis,national,государственный,adjective,adjective
vanduo,water,вода,food,noun
vardadienis,name-day,именины,event,noun
vardas,name,имя,family,noun
varškė,curd,творог,food,noun
vartai,gate,ворота,home,noun
vasara,summer,лето,time,noun
vasaris,February,февраль,time,noun
važiuoti,to go by vehicle,ехать,transport,verb
vedėjas,head,руководитель,work,noun
vedęs,married (man),женатый,family,adjective
veidrodis,mirror,зеркало,home,noun
veikti,to do,делать,verb,verb
vėjas,wind,ветер,"
weather",noun
vėlai,late,поздно,adverb,adverb
vėliava,flag,флаг,event,noun
Vėlinės,All Soul’s Day,День всех душ,event,noun
Velykos,Easter,Пасха,event,noun
vėluoti,to be late,опаздывать,time,verb
verba,Easter palm,верба,event,noun
verslas,business,бизнес,work,noun
verslininkas,businessman,бизнесмен,work,noun
vertėjas,translator,переводчик,work,noun
vestuvės,wedding,свадьба,event,noun
vidutinis,medium sized,средний,adjective,adjective
vienkartinis,one-time,одноразовый,adjective,adjective
viešbutis,hotel,гостиница,city,noun
viešnia,guest (woman),гостья,event,noun
vieta,seat,место,location,noun
vilna,wool,шерсть,clothes,noun
vilnonis,woolen,шерстяной,adjective,adjective
vynas,wine,вино,food,noun
vynuogės,grapes,виноград,food,noun
violetinis,violet,фиолетовый,color,adjective
virtas,boiled,варёный,food,adjective
virti,to boil,варить,food,verb
virtuvė,kitchen,кухня,home,noun
visada,always,всегда,adverb,adverb
viskas,that’s it,всё,pronoun,pronoun
vištiena,chicken,курица,food,noun
vyras,"man, husband","мужчина, муж",family,noun
vonia,bathroom,ванная,home,noun
žaidimas,game,игра,sport,noun
žaisliukas,decoration,украшение,event,noun
žaisti,to play,играть,sport,verb
žalias,green,зелёный,color,adjective
žemas,"low, short","низкий, короткий",adjective,adjective
žiema,winter,зима,time,noun
žinios,knowledge,знания,education,noun
žygis,hike,поход,sport,noun
žinoma,of course,конечно,adverb,adverb
žinoti,to know,знать,education,verb
žiūrėti,"to watch, to look",смотреть,education,verb
žmogus,man,человек,people,noun
žmona,wife,жена,family,noun
žmonės,people,люди,people,noun
žodynas,dictionary,словарь,education,noun
žodžiu,oral,устно,education,adverb
žolelės,herbs,травы,nature,noun
žuvis,fish,рыба,food,noun
žvakė,candle,свеча,event,noun
žvakutė,small candle,маленькая свеча,event,noun
žvejoti,to go fishing,рыбачить,sport,verb
